<?xml version="1.0"?>
<!DOCTYPE hibernate-mapping PUBLIC
"-//Hibernate/Hibernate Mapping DTD//EN"
"http://hibernate.sourceforge.net/hibernate-mapping-3.0.dtd">
<!--
    Document   : ActivityChoice.hbm.xml
    Created on : July 6, 2010, 9:29 PM
    Author     : icerrr
    Description:
        Purpose of the document follows.
-->
<hibernate-mapping package="data.model">
    <class name="ActivityChoice" table="activitychoices">
        <id name="id" column="id" >
            <generator class="sequence" >
                <param name="sequence">choice_id_sequence</param>
            </generator>
        </id>
        <version name="version" column="version"/>

        <many-to-one name="activity" column="activity_id" cascade="none"/>
        <property name="name" column="name" not-null="true" />

        <property name="description" column="description" not-null="false" length="2500"/>

        <bag name="costExpressions" inverse="true" cascade="all-delete-orphan" lazy="true" order-by="resource_id asc">
            <key column="choice_id"/>
            <one-to-many class="ChoiceCostExpression"/>
        </bag>

        <bag name="userChoices" inverse="true" cascade="all-delete-orphan" lazy="extra" >
            <key column="choice_id"/>
            <one-to-many class="UserChoices"/>
        </bag>

    </class>
</hibernate-mapping>
