<?xml version="1.0"?>
<!DOCTYPE hibernate-mapping PUBLIC
"-//Hibernate/Hibernate Mapping DTD//EN"
"http://hibernate.sourceforge.net/hibernate-mapping-3.0.dtd">
<!--
    Document   : Activity.hbm.xml
    Created on : July 6, 2010, 9:24 PM
    Author     : icerrr
    Description:
        Purpose of the document follows.
-->
<hibernate-mapping package="data.model">
    <class name="Activity" table="activities">
        <id name="id" column="id" >
            <generator class="sequence" >
                <param name="sequence">activity_id_sequence</param>
            </generator>
        </id>
        <version name="version" column="version"/>

        <property name="name" column="name" not-null="true" />
        <property name="description" column="description" not-null="false"/>
        <property name="displayOrder" column="displayOrder" not-null="true"/>
        <property name="category" column="category" not-null="false"/>
        <property name="choiceFormula" column="coiceFormula" not-null="false"/>
        <bag name="choices" inverse="true" cascade="all-delete-orphan" lazy="false" order-by="id asc">
            <key column="activity_id"/>
            <one-to-many class="ActivityChoice"/>
        </bag>

        <many-to-one name="gameMode" column="gameMode_id" not-null="true" />

        <bag name="variables" inverse="false" cascade="all-delete-orphan" lazy="false">
            <key column="activity_id"/>
            <one-to-many class="Variable"/>
        </bag>

<!--        <bag name="userChoices" inverse="true" cascade="all-delete-orphan" lazy="extra">
            <key column="activity_id"/>
            <one-to-many class="UserChoices"/>
        </bag> -->

    </class>
</hibernate-mapping>
