<?xml version="1.0"?>
<!DOCTYPE hibernate-mapping PUBLIC
        "-//Hibernate/Hibernate Mapping DTD//EN"
        "http://hibernate.sourceforge.net/hibernate-mapping-3.0.dtd">

<!--
    Document   : BehaviourIndicator.hbm.xml
    Created on : July 4, 2010, 3:37 PM
    Author     : icerrr
    Description:
        Purpose of the document follows.
-->

<hibernate-mapping package="data.model">
 <class name="BehaviourIndicator" table="BehaviourIndicators">
        <id name="id" column="id" >
                <generator class="sequence" >
                <param name="sequence">behaviour_id_sequence</param>
                </generator>
        </id>
        <version name="version" column="version"/>

        <property name="displayName" column="displayName" not-null="false" />
        <property name="description" column="description" not-null="false"/>
        <property name="wicketClassName" column="wicketClassName" not-null="true"/>
        <property name="wicketClass" column="wicketClass" not-null="true"/>
        
        <property name="displayOrder" column="displayOrder" not-null="true"/>

        <property name="bindingName" column="bindingName" not-null="false"/>

        <bag name="options" inverse="true" cascade="all-delete-orphan" lazy="false" order-by="id asc">
            <key column="behaviour_id"/>
            <one-to-many class="IndicatorOption"/>
        </bag>

        <many-to-one name="gameMode" column="gameMode_id" not-null="true"/>

        <bag name="userBehaviour" inverse="true" cascade="all-delete-orphan" lazy="extra">
            <key column="behaviour_id"/>
            <one-to-many class="UserIndicatorValues"/>
        </bag>

    </class>
</hibernate-mapping>