<?xml version="1.0"?>
<!DOCTYPE hibernate-mapping PUBLIC
        "-//Hibernate/Hibernate Mapping DTD//EN"
        "http://hibernate.sourceforge.net/hibernate-mapping-3.0.dtd">
<!--
    Document   : ChoiceCostExpression.xml
    Created on : July 29, 2010, 1:29 PM
    Author     : icerrr
    Description:
        Purpose of the document follows.
-->

<hibernate-mapping package="data.model">
 <class name="ChoiceCostExpression" table="ChoiceCostExpression">
        <id name="id" column="id" >
                <generator class="sequence" >
                <param name="sequence">expression_id_sequence</param>
                </generator>
        </id>
        <version name="version" column="version"/>

        <many-to-one name="activityChoice" column="choice_id" cascade="none" lazy="proxy"/>
        <many-to-one name="resource" column="resource_id" cascade="none" lazy="proxy"/>
        <property name="capex" column="capex" not-null="true"/>
         <property name="opex" column="opex" not-null="true"/>
    </class>
</hibernate-mapping>