<?xml version="1.0"?>
<!DOCTYPE hibernate-mapping PUBLIC
"-//Hibernate/Hibernate Mapping DTD//EN"
"http://hibernate.sourceforge.net/hibernate-mapping-3.0.dtd">

<hibernate-mapping package="data.model">
    <class name="GameUser" table="GameUsers">
        <id name="username" column="username" />
        <version name="version" column="version"/>

        <property name="salt" column="salt"/>
        
        <property name="enabled" column="account_enabled"/>
        <property name="accountNonExpired" column="account_non_expired" not-null="true"/>
        <property name="accountNonLocked" column="account_non_locked" not-null="true"/>
        <property name="credentialsNonExpired" column="credentials_non_expired" not-null="true"/>

        <property name="role" column="role" not-null="true" lazy="true"/>
        <property name="password" column="password" not-null="true"/>

        <bag name="indicatorValues" inverse="true" cascade="all-delete-orphan" lazy="extra">
            <key column="gameuser_id"/>
            <one-to-many class="UserIndicatorValues"/>
        </bag>

        <bag name="userChoices" inverse="true" cascade="all-delete-orphan" lazy="extra">
            <key column="gameUser_id"/>
            <one-to-many class="UserChoices"/>
        </bag>

        <bag name="userResource" inverse="true" cascade="all-delete-orphan" lazy="extra">
            <key column="gameUser_id"/>
            <one-to-many class="UserResource"/>
        </bag>

    </class>
</hibernate-mapping>

