<?xml version="1.0"?>
<!DOCTYPE hibernate-mapping PUBLIC
        "-//Hibernate/Hibernate Mapping DTD//EN"
        "http://hibernate.sourceforge.net/hibernate-mapping-3.0.dtd">
<!--
    Document   : GameMode.hbm.xml
    Created on : July 22, 2010, 5:12 PM
    Author     : icerrr
    Description:
        Purpose of the document follows.
-->

<hibernate-mapping package="data.model">
 <class name="GameMode" table="GameMode">
        <id name="id" column="id" >
                <generator class="sequence" >
                <param name="sequence">mode_id_sequence</param>
                </generator>
        </id>
        <version name="version" column="version"/>

        <property name="name" column="name" not-null="true" />
        <property name="description" column="description" not-null="false" length="2500"/>
        <property name="maxTurns" column="maxTurns" not-null="false"/>
        <property name="turnInterval" column="turnInterval" not-null="false"/>
<!--
        <bag name="Activities"  inverse="true" cascade="all-delete-orphan" lazy="extra">
            <key column="gameMode_id"/>
            <one-to-many  class="Activity"/>
        </bag>

        <bag  name="BehaviourIndicators" inverse="true" cascade="all-delete-orphan" lazy="extra">
            <key column="gameMode_id"/>
            <one-to-many class="BehaviourIndicator"/>
        </bag>

       <bag  name="Resources" inverse="true" cascade="all-delete-orphan" lazy="extra">
            <key column="gameMode_id"/>
            <one-to-many class="Resource"/>
        </bag>-->

    </class>
</hibernate-mapping>
