<?xml version="1.0"?>
<!DOCTYPE hibernate-mapping PUBLIC
        "-//Hibernate/Hibernate Mapping DTD//EN"
        "http://hibernate.sourceforge.net/hibernate-mapping-3.0.dtd">
<!--
    Document   : IndicatorOption.hbm.xml
    Created on : July 4, 2010, 4:17 PM
    Author     : icerrr
    Description:
        Purpose of the document follows.
-->

<hibernate-mapping package="data.model">
    <class name="IndicatorOption" table="IndicatorOptions">
        <id name="id" column="id" >
            <generator class="sequence"/>
        </id>
        <version name="version" column="version"/>

        <many-to-one name="behaviour" column="behaviour_id" cascade="none"/>

        <property name="displayText" column="displayText"/>
        <property name="optionValue" column="optionValue"/>
        <property name="optionStringValue" column="optionStringValue"/>
        <property name="minValue" column="minValue"/>
        <property name="maxValue" column="maxValue"/>
        
        <property name="description" column="descriptioin" length="500"/>

    </class>
</hibernate-mapping>


