<?xml version="1.0"?>
<!DOCTYPE hibernate-mapping PUBLIC
"-//Hibernate/Hibernate Mapping DTD//EN"
"http://hibernate.sourceforge.net/hibernate-mapping-3.0.dtd">

<!--
    Document   : UserVariable.hbm.xml
    Created on : August 21, 2010, 12:59 PM
    Author     : icerrr
    Description:
        Purpose of the document follows.
-->
<hibernate-mapping package="data.model">
    <class name="LoggedUserVariable" table="LoggedUserVariable">
        <id name="id" column="id" >
            <generator class="sequence" >
                <param name="sequence">loggedvar_id_sequence</param>
            </generator>
        </id>
        <version name="version" column="version"/>

        <property name="gameUser" column="gameuser" />
        <property name="variable" column="variable"/>
        <property name="activity" column="activity"/>
        <property name="category" column="category"/>
        <property name="value" column="value"/>
        <property name="gameTurn" column="gameTurn"/>
        <property name="sessionNumber" column="sessionNumber"/>
        <property name="gameMode_id" column="gameMode_id"/>
    </class>
</hibernate-mapping>