<?xml version="1.0"?>
<!DOCTYPE hibernate-mapping PUBLIC
        "-//Hibernate/Hibernate Mapping DTD//EN"
        "http://hibernate.sourceforge.net/hibernate-mapping-3.0.dtd">
<!--
    Document   : LoggedUserResource.xml
    Created on : August 21, 2010, 7:10 PM
    Author     : icerrr
    Description:
        Purpose of the document follows.
-->

<hibernate-mapping package="data.model">
    <class name="LoggedUserResource" table="LoggedUserResource">

        <id name="id" column="id" >
                <generator class="sequence" >
                <param name="sequence">loggedresource_id_sequence</param>
                </generator>
        </id>

        <version name="version" column="version"/>

        <property name="gameuser" column="gameUser_id" />
        <property name="resource" column="resource_id" />
        <property name="gameTurn" column="gameTurn"/>
        <property name="sessionNumber" column="sessionNumber"/>
        <property name="user_cap" column="user_cap"/>
        <property name="cost" column="cost"/>
        <property name="gameMode_id" column="gameMode_id"/>

    </class>
</hibernate-mapping>
