<?xml version="1.0"?>
<!DOCTYPE hibernate-mapping PUBLIC
        "-//Hibernate/Hibernate Mapping DTD//EN"
        "http://hibernate.sourceforge.net/hibernate-mapping-3.0.dtd">
<!--
    Document   : LoggedUserChoice.xml
    Created on : August 21, 2010, 7:15 PM
    Author     : icerrr
    Description:
        Purpose of the document follows.
-->

<hibernate-mapping package="data.model">
 <class name="LoggedUserChoice" table="LoggedUserChoice">
        <id name="id" column="id" >
                <generator class="sequence" >
                <param name="sequence">userchoices_id_sequence</param>
                </generator>
        </id>
        <version name="version" column="version"/>

        <property name="gameUser" column="gameuser" />
        <property name="choice" column="choice" />
        <property name="activity" column="activity" />
        <property name="category" column="category" />
        <property name="gameTurn" column="gameTurn"/>
        <property name="sessionNumber" column="sessionNumber" />
        <property name="gamemode_id" column="gamemode_id"/>

    </class>
</hibernate-mapping>