<?xml version="1.0"?>
<!DOCTYPE hibernate-mapping PUBLIC
        "-//Hibernate/Hibernate Mapping DTD//EN"
        "http://hibernate.sourceforge.net/hibernate-mapping-3.0.dtd">
<!--
    Document   : Resource.hbm.xml
    Created on : July 8, 2010, 5:40 PM
    Author     : icerrr
    Description:
        Purpose of the document follows.
-->
<hibernate-mapping package="data.model">
    <class name="Resource" table="resources">
        <id name="id" column="id" >
                <generator class="sequence" >
                <param name="sequence">resource_id_sequence</param>
                </generator>
        </id>
        <version name="version" column="version"/>
        <property name="name" column="name"/>
        <property name="logoURL" column="logoURL"/>
        <property name="globalCap" column="golobalCap"/>
        <property name="defaultUserCap" column="defaultUserCap"/>
        <property name="accumulates" column="accumulates"/>

          <many-to-one name="gameMode" column="gameMode_id" not-null="true" lazy="proxy"/>

        <bag name="costExpressions" inverse="true" cascade="all-delete-orphan" lazy="extra">
            <key column="resource_id"/>
            <one-to-many class="ChoiceCostExpression"/>
        </bag>

        <bag name="userResource" inverse="true" cascade="all-delete-orphan" lazy="extra">
            <key column="resource_id"/>
            <one-to-many class="ChoiceCostExpression"/>
        </bag>

    </class>
</hibernate-mapping>
