<?xml version="1.0"?>
<!DOCTYPE hibernate-mapping PUBLIC
        "-//Hibernate/Hibernate Mapping DTD//EN"
        "http://hibernate.sourceforge.net/hibernate-mapping-3.0.dtd">
<!--
    Document   : UserResource.xml
    Created on : July 8, 2010, 5:53 PM
    Author     : icerrr
    Description:
        Purpose of the document follows.
-->

<hibernate-mapping package="data.model">
    <class name="UserResource" table="UserReources">

        <id name="id" column="id" >
                <generator class="sequence" >
                <param name="sequence">userresource_id_sequence</param>
                </generator>
        </id>

        <version name="version" column="version"/>

        <many-to-one name="gameuser" column="gameUser_id" cascade="none" lazy="proxy" />
        <many-to-one name="resource" column="resource_id" cascade="none" lazy="proxy" />
        <property name="accumulatedValue" column="accumulatedValue"/>
        <property name="lastTotal" column="lastTotal"/>
        <property name="lastAvailable" column="lastAvailable"/>
        <property name="embededCost" column="embededCost"/>
        <property name="sessionNumber" column="sessionNumber"/>

    </class>
</hibernate-mapping>
