<?xml version="1.0"?>
<!DOCTYPE hibernate-mapping PUBLIC
        "-//Hibernate/Hibernate Mapping DTD//EN"
        "http://hibernate.sourceforge.net/hibernate-mapping-3.0.dtd">
<!--
    Document   : UserChoices.hbm.xml
    Created on : August 20, 2010, 1:16 PM
    Author     : icerrr
    Description:
        Purpose of the document follows.
-->

<hibernate-mapping package="data.model">
 <class name="UserChoices" table="UserChoices">
        <id name="id" column="id" >
                <generator class="sequence" >
                <param name="sequence">userchoices_id_sequence</param>
                </generator>
        </id>
        <version name="version" column="version"/>

        <many-to-one name="gameUser" column="gameUser_id" cascade="none"/>
        <many-to-one name="choice" column="choice_id" cascade="none"/>
        <property name="sessionNumber" column="sessionNumber"/>

    </class>
</hibernate-mapping>