<?xml version="1.0"?>
<!DOCTYPE hibernate-mapping PUBLIC
"-//Hibernate/Hibernate Mapping DTD//EN"
"http://hibernate.sourceforge.net/hibernate-mapping-3.0.dtd">

<!--
    Document   : UserIndicatorValues.xml
    Created on : August 19, 2010, 2:28 PM
    Author     : icerrr
    Description:
        Purpose of the document follows.
-->

<hibernate-mapping package="data.model">

    <!--        <typedef name="encryptedString" class="org.jasypt.hibernate.type.EncryptedStringType">
            <param name="encryptorRegisteredName">strongHibernateStringEncryptor</param>
        </typedef>-->

    <typedef name="encryptedString" class="org.jasypt.hibernate.type.EncryptedStringType">
        <param name="encryptorRegisteredName">strongHibernateStringEncryptor</param>
    </typedef>
    <typedef name="encryptedInteger" class="org.jasypt.hibernate.type.EncryptedIntegerAsStringType">
        <param name="encryptorRegisteredName">strongHibernateStringEncryptor</param>
    </typedef>

    <class name="UserIndicatorValues" table="UserIndicatorValues">
        <id name="id" column="id" >
            <generator class="sequence" >
                <param name="sequence">userindicators_id_sequence</param>
            </generator>
        </id>
        <version name="version" column="version"/>

        <property name="value" column="value" not-null="true" type="encryptedInteger"/>
        <property name="stringValue" column="stringValue" not-null="false" type="encryptedString"/>
        <property name="indicatorName" column="indicatorName" not-null="false" type="encryptedString"/>

        <many-to-one name="behaviour" column="behaviour_id" not-null="true" lazy="proxy" cascade="none"/>
        <many-to-one name="gameUser" column="gameuser_id" not-null="true" lazy="proxy" cascade="none" />

        <property name="hidden" not-null="false"/>
    </class>
</hibernate-mapping>