<?xml version="1.0"?>
<!DOCTYPE hibernate-mapping PUBLIC
"-//Hibernate/Hibernate Mapping DTD//EN"
"http://hibernate.sourceforge.net/hibernate-mapping-3.0.dtd">

<!--
    Document   : Variable.hbm.xml.xml
    Created on : July 29, 2010, 12:59 PM
    Author     : icerrr
    Description:
        Purpose of the document follows.
-->

<hibernate-mapping package="data.model">
    <class name="Variable" table="variables">
        <id name="id" column="id" >
            <generator class="sequence" >
                <param name="sequence">variable_id_sequence</param>
            </generator>
        </id>
        <version name="version" column="version"/>

        <property name="name" column="name" not-null="true" />
        <property name="description" column="description" not-null="false"/>

        <property name="discrete" column="isDiscreteValue" />
        <property name="minValue" column="minValue"/>
        <property name="maxValue" column="maxValue"/>
        <property name="value" column="value"/>


    </class>
</hibernate-mapping>