<?xml version="1.0" encoding="UTF-8"?>
<--! original documemnt from ICW2 module 
Later modified by Adrian Ionita -->

<beans xmlns="http://www.springframework.org/schema/beans"
       xmlns:xsi="http://www.w3.org/2001/XMLSchema-instance"
       xmlns:aop="http://www.springframework.org/schema/aop"
       xmlns:tx="http://www.springframework.org/schema/tx"
       xsi:schemaLocation="
       http://www.springframework.org/schema/beans http://www.springframework.org/schema/beans/spring-beans-2.5.xsd
       http://www.springframework.org/schema/aop http://www.springframework.org/schema/aop/spring-aop-2.5.xsd
       http://www.springframework.org/schema/tx http://www.springframework.org/schema/tx/spring-tx-2.5.xsd
       ">

    <bean id="passwordGenerator" class="com.Ostermiller.util.RandPass"/>


    <bean id="dbPassword" class="Main" factory-method="getDBPassword" lazy-init="true"/>
    <bean id="adminPassword" class="Main" factory-method="getAdminPassword" lazy-init="true"/>
    <bean id="dbEncryptionPassword" class="Main" factory-method="getDBEncryptionPassword" lazy-init="true"/>

    <bean id="wicketApplication" class="webpages.WebGameApplication">
        <property name="authenticationManager" ref="authenticationManager"/>
        <property name="userServices" ref="userServices"/>
        <property name="adminService" ref="adminService"/>
        <property name="notificationChannel" value="ch1"/>
        <property name="feedbackChannel" value="chf"/>
        <property name="httpPort" value="8080"/>
        <property name="httpsPort" value="8443"/>
    </bean>

    <bean id="dataSource" class="CustomDataSource" destroy-method="close">
        <property name="driverClassName" value="org.postgresql.Driver"/>
        <property name="url" value="jdbc:postgresql://localhost:5432/EchoGame"/>
        <property name="username" value="postgres"/>
        <property name="password" value="I516129ce"/> <!--ref="dbPassword" />-->
        <!-- if using postgres server with ssl enabled trafic, uncomment the folowing line -->
        <!-- <property name="SSLtraffic" value="true"/>-->
        <property name="maxActive" value="20"/>
        <property name="maxIdle" value="4"/>
        <property name="minIdle" value="2"/>
        <property name="maxWait" value="-1"/>
        <property name="initialSize" value="2"/>
        <property name="poolPreparedStatements" value="true"/>
        <property name="maxOpenPreparedStatements" value="100"/>
        <property name="testOnBorrow" value="true"/>
        <property name="testOnReturn" value="false"/>
        <property name="testWhileIdle" value="false"/>
        <property name="validationQuery" value="SELECT 1+1"/>
    </bean>

	    <!-- Application Services : Admin services and User Services -->
    <bean id="adminService" class="services.AdimnServiceImpl" depends-on="userServices">
        <constructor-arg ref="databaseDAO"/>
        <constructor-arg ref="roleDAO"/>
        <constructor-arg ref="userDAO"/>
        <constructor-arg ref="behaviourDAO"/>
        <constructor-arg ref="activityDAO"/>
        <constructor-arg ref="resourceDAO"/>
        <constructor-arg ref="notificationDAO"/>
        <constructor-arg ref="gameModeDAO"/>
        <constructor-arg ref="userServices"/>
        <constructor-arg ref="logDAO"/>
    </bean>

    <bean id="userServices" class="services.UserServicesImpl" >
        <constructor-arg ref="roleDAO"/>
        <constructor-arg ref="userDAO"/>
        <constructor-arg ref="behaviourDAO"/>
        <constructor-arg ref="activityDAO"/>
        <constructor-arg ref="resourceDAO"/>
        <constructor-arg ref="notificationDAO"/>
        <constructor-arg ref="gameModeDAO"/>
        <constructor-arg ref="authenticationManager"/>
        <constructor-arg ref="passwordEncoder"/>
        <constructor-arg ref="logDAO"/>
    </bean>
	
 <bean id="hibernateStringEncryptor"
    class="org.jasypt.hibernate.encryptor.HibernatePBEStringEncryptor">
    <property name="registeredName">
        <value>strongHibernateStringEncryptor</value>
    </property>
    <property name="password" value="aaaa"/> <!--ref="dbEncryptionPassword"/>-->
  </bean>


    <bean id="sessionFactory" class="org.springframework.orm.hibernate3.LocalSessionFactoryBean">
        <property name="dataSource" ref="dataSource"/>
        <property name="hibernateProperties">
            <props>
                <prop key="hibernate.dialect">org.hibernate.dialect.PostgreSQLDialect</prop>
                <prop key="hibernate.show_sql">true</prop><!-- original value = true -->
            </props>
        </property>
        <property name="mappingResources">
            <list>
                <value>data/model/GameUser.hbm.xml</value>
                <value>data/model/Role.hbm.xml</value>
                <value>data/model/BehaviourIndicator.hbm.xml</value>
                <value>data/model/IndicatorOption.hbm.xml</value>
                <value>data/model/Activity.hbm.xml</value>
                <value>data/model/ActivityChoice.hbm.xml</value>
                <value>data/model/Resource.hbm.xml</value>
                <value>data/model/GameMode.hbm.xml</value>
                <value>data/model/Variable.hbm.xml</value>
                <value>data/model/ChoiceCostExpression.hbm.xml</value>
                <value>data/model/UserIndicatorValues.hbm.xml</value>
                <value>data/model/UserChoices.hbm.xml</value>
                <value>data/model/UserResource.hbm.xml</value>
                <value>data/model/LoggedUserVariable.hbm.xml</value>
                <value>data/model/LoggedUserResource.hbm.xml</value>
                <value>data/model/LoggedUserChoice.hbm.xml</value>
            </list>
        </property>
    </bean>

    <bean id="hibernateTemplate" class="org.springframework.orm.hibernate3.HibernateTemplate">
        <property name="sessionFactory" ref="sessionFactory"/>
    </bean>

    <bean id="databaseDAO" class="data.dao.hibernate.DatabaseDAOImpl">
        <property name="hibernateTemplate" ref="hibernateTemplate"/>
        <property name="lsfb" ref="&amp;sessionFactory"/>
    </bean>

    <bean id="roleDAO" class="data.dao.hibernate.RoleDAOImpl">
        <property name="hibernateTemplate" ref="hibernateTemplate"/>
    </bean>
    <bean id="userDAO" class="data.dao.hibernate.UserDAOImpl">
        <property name="hibernateTemplate" ref="hibernateTemplate"/>
    </bean>
    <bean id="behaviourDAO" class="data.dao.hibernate.BehaviourDAOImpl">
        <property name="hibernateTemplate" ref="hibernateTemplate"/>
    </bean>
    <bean id="activityDAO" class="data.dao.hibernate.ActivityDAOImpl">
        <property name="hibernateTemplate" ref="hibernateTemplate"/>
    </bean>
    <bean id="resourceDAO" class="data.dao.hibernate.ResourceDAOImpl">
        <property name="hibernateTemplate" ref="hibernateTemplate"/>
    </bean>
    <bean id="notificationDAO" class="data.dao.hibernate.NotificationDAOImpl">
        <!--  <property name="hibernateTemplate" ref="hibernateTemplate"/> -->
    </bean>
    <bean id="gameModeDAO" class="data.dao.hibernate.GameModeDAOImpl">
        <property name="hibernateTemplate" ref="hibernateTemplate"/>
    </bean>

    <bean id="logDAO" class="data.dao.hibernate.LogDAOImpl">
        <property name="hibernateTemplate" ref="hibernateTemplate"/>
    </bean>

    <!--      Propagation options: (default is REQUIRED)
    "REQUIRED": must run in a transaction, will use current one, start new one if there is none
        "SUPPORTS": does not require a transaction, will use one if it exists
        "MANDATORY": must run in a transaction, will throw exception if none exists
        "REQUIRES_NEW": must run it its own transaction: will start one, and suspend any existing one if necessary
        "NOT_SUPPORTED": should NOT run in a transaction, will suspend any existing one if necessary
        "NEVER": should NOT run in a transaction, will throw exception if one exists
        "NESTED": Should be run in a new nested transaction if a transaction exists, otherwise, works as "REQUIRED"
    -->
    <!-- the transactional advice (what 'happens'; see the <aop:advisor/> bean below) -->
    <tx:advice id="txAdvice" transaction-manager="txManager">
        <!-- the transactional semantics... -->
        <tx:attributes>
            <!-- all methods starting with 'get' are read-only -->
            <tx:method name="get*" read-only="true" propagation="REQUIRED"/>
            <!-- other methods use the default transaction settings (see below) -->
            <tx:method name="*"/>
        </tx:attributes>
    </tx:advice>

    <bean id="txManager" class="org.springframework.orm.hibernate3.HibernateTransactionManager">
        <property name="sessionFactory" ref="sessionFactory"/>
    </bean>


    <aop:config>

        <aop:pointcut id="ServiceOperation" expression="execution(* services.*.*(..))"/>
        <aop:advisor id="security" pointcut-ref="ServiceOperation" advice-ref="ServiceSecurity" order="1"/>
        <aop:advisor id="transactions" pointcut-ref="ServiceOperation" advice-ref="txAdvice" order="3"/>

        <!--
        <aop:aspect id="accessAspect" ref="securityAspect" order="2">
        <aop:pointcut id="personalOperation" expression="execution(* services.AdminServiceImpl.*(..))"/>
        <aop:before pointcut-ref="personalOperation" method="doAccessCheck" arg-names="admin"/>
        </aop:aspect>
-->
    </aop:config>

    <bean id="securityAspect" class="services.SecurityAspect"/>

    <bean id="filterChainProxy" class="org.acegisecurity.util.FilterChainProxy">
        <property name="filterInvocationDefinitionSource">
            <value>
                CONVERT_URL_TO_LOWERCASE_BEFORE_COMPARISON
                PATTERN_TYPE_APACHE_ANT
                /**=httpSessionContextIntegrationFilter
            </value>
        </property>
    </bean>

    <!-- Maintains security context between requests (using the session). -->
    <bean id="httpSessionContextIntegrationFilter"
          class="org.acegisecurity.context.HttpSessionContextIntegrationFilter">
        <property name="forceEagerSessionCreation" value="true"/>
    </bean>


    <bean id="authenticationManager" class="org.acegisecurity.providers.ProviderManager">
        <property name="providers">
            <list>
                <ref local="daoAuthenticationProvider"/>
                <ref local="anonymousAuthenticationProvider"/>
            </list>
        </property>
    </bean>

    <bean id="passwordEncoder" class="org.acegisecurity.providers.encoding.ShaPasswordEncoder"/>

    <bean id="daoAuthenticationProvider" class="org.acegisecurity.providers.dao.DaoAuthenticationProvider">
        <property name="userDetailsService" ref="userDAO"/>
        <property name="userCache" ref="userCache"/>
        <property name="passwordEncoder" ref="passwordEncoder"/>
        <property name="saltSource">
            <bean class="org.acegisecurity.providers.dao.salt.ReflectionSaltSource">
                <property name="userPropertyToUse" value="getSalt"/>
            </bean>
        </property>

    </bean>

    <bean id="userCache" class="org.acegisecurity.providers.dao.cache.EhCacheBasedUserCache">
        <property name="cache">
            <bean class="org.springframework.cache.ehcache.EhCacheFactoryBean">
                <property name="cacheManager">
                    <bean class="org.springframework.cache.ehcache.EhCacheManagerFactoryBean"/>
                </property>
                <property name="cacheName" value="userCache"/>
            </bean>
        </property>
    </bean>

    <bean id="anonymousAuthenticationProvider"
          class="org.acegisecurity.providers.anonymous.AnonymousAuthenticationProvider">
        <property name="key" value="anonymous"/>
    </bean>

    <bean id="roleVoter" class="org.acegisecurity.vote.RoleVoter">
        <property name="rolePrefix" value="ROLE_"/>
    </bean>

    <bean id="accessDecisionManager" class="org.acegisecurity.vote.AffirmativeBased">
        <property name="allowIfAllAbstainDecisions" value="false"/>
        <property name="decisionVoters">
            <list>
                <ref local="roleVoter"/>
            </list>
        </property>
    </bean>

    <!-- ServiceSecurity -->

    <bean id="ServiceSecurity"
          class="org.acegisecurity.intercept.method.aopalliance.MethodSecurityInterceptor">
        <property name="authenticationManager" ref="authenticationManager"/>
        <property name="accessDecisionManager" ref="accessDecisionManager"/>
        <property name="objectDefinitionSource">
            <value>
                services.AdminService.createNotification=ROLE_admin
                services.AdminService.writeDinamicFileContents=ROLE_admin
                services.AdminService.createNewGameModeAfter=ROLE_admin
                services.AdminService.updateExistingGameMode=ROLE_admin
                services.AdminService.clearLogs=ROLE_admin
                services.AdminService.clearBehaviour=ROLE_admin
                services.AdminService.createOrUpdateActivityChoice=ROLE_admin
            </value>
        </property>
    </bean>
</beans>