<?xml version="1.0" encoding="UTF-8"?>
<project xmlns="http://www.netbeans.org/ns/project/1">
    <type>org.netbeans.modules.web.project</type>
    <configuration>
        <data xmlns="http://www.netbeans.org/ns/web-project/3">
            <name>EchoGameWebApp</name>
            <minimum-ant-version>1.6.5</minimum-ant-version>
            <web-module-libraries>
                <library dirs="200">
                    <file>${file.reference.acegi-security-1.0.3.jar}</file>
                    <path-in-war>WEB-INF/lib</path-in-war>
                </library>
                <library dirs="200">
                    <file>${file.reference.antlr-2.7.6.jar}</file>
                    <path-in-war>WEB-INF/lib</path-in-war>
                </library>
                <library dirs="200">
                    <file>${file.reference.aspectjrt.jar}</file>
                    <path-in-war>WEB-INF/lib</path-in-war>
                </library>
                <library dirs="200">
                    <file>${file.reference.aspectjweaver.jar}</file>
                    <path-in-war>WEB-INF/lib</path-in-war>
                </library>
                <library dirs="200">
                    <file>${file.reference.cglib-nodep-2.1_3.jar}</file>
                    <path-in-war>WEB-INF/lib</path-in-war>
                </library>
                <library dirs="200">
                    <file>${file.reference.commons-codec.jar}</file>
                    <path-in-war>WEB-INF/lib</path-in-war>
                </library>
                <library dirs="200">
                    <file>${file.reference.commons-collections.jar}</file>
                    <path-in-war>WEB-INF/lib</path-in-war>
                </library>
                <library dirs="200">
                    <file>${file.reference.commons-dbcp.jar}</file>
                    <path-in-war>WEB-INF/lib</path-in-war>
                </library>
                <library dirs="200">
                    <file>${file.reference.commons-pool.jar}</file>
                    <path-in-war>WEB-INF/lib</path-in-war>
                </library>
                <library dirs="200">
                    <file>${file.reference.dom4j-1.6.1.jar}</file>
                    <path-in-war>WEB-INF/lib</path-in-war>
                </library>
                <library dirs="200">
                    <file>${file.reference.ehcache-1.3.0.jar}</file>
                    <path-in-war>WEB-INF/lib</path-in-war>
                </library>
                <library dirs="200">
                    <file>${file.reference.hibernate3.jar}</file>
                    <path-in-war>WEB-INF/lib</path-in-war>
                </library>
                <library dirs="200">
                    <file>${file.reference.joda-time-1.5.2.jar}</file>
                    <path-in-war>WEB-INF/lib</path-in-war>
                </library>
                <library dirs="200">
                    <file>${file.reference.jta.jar}</file>
                    <path-in-war>WEB-INF/lib</path-in-war>
                </library>
                <library dirs="200">
                    <file>${file.reference.ostermillerutils_1_07_00.jar}</file>
                    <path-in-war>WEB-INF/lib</path-in-war>
                </library>
                <library dirs="200">
                    <file>${file.reference.postgresql-8.4-701.jdbc3.jar}</file>
                    <path-in-war>WEB-INF/lib</path-in-war>
                </library>
                <library dirs="200">
                    <file>${file.reference.spring.jar}</file>
                    <path-in-war>WEB-INF/lib</path-in-war>
                </library>
                <library dirs="200">
                    <file>${libs.Wicket.classpath}</file>
                    <path-in-war>WEB-INF/lib</path-in-war>
                </library>
                <library dirs="200">
                    <file>${file.reference.commons-logging.jar}</file>
                    <path-in-war>WEB-INF/lib</path-in-war>
                </library>
                <library dirs="200">
                    <file>${file.reference.push-1.4.1.jar}</file>
                    <path-in-war>WEB-INF/lib</path-in-war>
                </library>
                <library dirs="200">
                    <file>${file.reference.cometd-api-1.0.beta6.jar}</file>
                    <path-in-war>WEB-INF/lib</path-in-war>
                </library>
                <library dirs="200">
                    <file>${file.reference.cometd-client-6.1.16.jar}</file>
                    <path-in-war>WEB-INF/lib</path-in-war>
                </library>
                <library dirs="200">
                    <file>${file.reference.cometd-server-6.1.16.jar}</file>
                    <path-in-war>WEB-INF/lib</path-in-war>
                </library>
                <library dirs="200">
                    <file>${file.reference.jetty-6.1.16.jar}</file>
                    <path-in-war>WEB-INF/lib</path-in-war>
                </library>
                <library dirs="200">
                    <file>${file.reference.jetty-client-6.1.16.jar}</file>
                    <path-in-war>WEB-INF/lib</path-in-war>
                </library>
                <library dirs="200">
                    <file>${file.reference.jetty-sslengine-6.1.16.jar}</file>
                    <path-in-war>WEB-INF/lib</path-in-war>
                </library>
                <library dirs="200">
                    <file>${file.reference.jetty-util-6.1.16.jar}</file>
                    <path-in-war>WEB-INF/lib</path-in-war>
                </library>
                <library dirs="200">
                    <file>${file.reference.jetty-util5-6.1.16.jar}</file>
                    <path-in-war>WEB-INF/lib</path-in-war>
                </library>
                <library dirs="200">
                    <file>${file.reference.slf4j-log4j12-1.5.11.jar}</file>
                    <path-in-war>WEB-INF/lib</path-in-war>
                </library>
                <library dirs="200">
                    <file>${file.reference.log4j-1.2.14.jar}</file>
                    <path-in-war>WEB-INF/lib</path-in-war>
                </library>
                <library dirs="200">
                    <file>${file.reference.slf4j-api-1.5.11.jar}</file>
                    <path-in-war>WEB-INF/lib</path-in-war>
                </library>
                <library dirs="200">
                    <file>${file.reference.jep-2.24.jar}</file>
                    <path-in-war>WEB-INF/lib</path-in-war>
                </library>
                <library dirs="200">
                    <file>${file.reference.jxl.jar}</file>
                    <path-in-war>WEB-INF/lib</path-in-war>
                </library>
                <library dirs="200">
                    <file>${file.reference.jasypt-1.6.jar}</file>
                    <path-in-war>WEB-INF/lib</path-in-war>
                </library>
                <library dirs="200">
                    <file>${file.reference.commons-lang-2.1.jar}</file>
                    <path-in-war>WEB-INF/lib</path-in-war>
                </library>
                <library dirs="200">
                    <file>${file.reference.commons-beanutils.jar}</file>
                    <path-in-war>WEB-INF/lib</path-in-war>
                </library>
            </web-module-libraries>
            <web-module-additional-libraries/>
            <source-roots>
                <root id="src.dir"/>
            </source-roots>
            <test-roots>
                <root id="test.src.dir"/>
            </test-roots>
        </data>
    </configuration>
</project>
